,Date,Vehicle ID,Origin,Last Inspected,Ticket,Ticket Sub-1,Ticket Sub-2,Front PSI,Rear PSI,Tire Style,Front Pads,Rear Pads
0,2019-06-09,527,SCU,12,Non-comms,,,23.0,23.0,,,
1,2019-06-09,2238,SCU,12,Tipped,No Damage,,22.0,26.0,,,
2,2019-06-09,508,SCU,9,Tipped,Damage,,33.0,33.0,,,
3,2019-06-09,681,User,6,User OOS,???,Bad,,,,,
4,2019-06-09,2444,SCU,5,Tipped,No Damage,On ride,31.0,30.0,,,
5,2019-06-09,2387,SCU,41,Tipped,No Damage,On ride,30.0,31.0,,,
6,2019-06-09,897,User,18,User OOS,Helmet,Good,15.0,10.0,,,
7,2019-06-09,2106,SCU,5,Tipped,No Damage,On ride,20.0,22.0,,,
8,2019-06-09,617,SCU,6,Tipped,No Damage,On ride,32.0,32.0,,,
9,2019-06-09,2066,SCU,14,Tipped,No Damage,On ride,22.0,22.0,,,
10,2019-06-09,755,User,11,User OOS,Unhelpful,Bad,32.0,0.0,,,
11,2019-06-09,903,User,5,User OOS,TS,Good,32.0,32.0,,,
12,2019-06-09,646,User,26,User OOS,Mirrors,Good,29.0,28.0,,,
13,2019-06-09,2056,SCU,5,Tipped,No Damage,On ride,31.0,32.0,,,
14,2019-06-09,901,User,30,User OOS,CS,Good,26.0,28.0,,,
15,2019-06-09,2498,SCU,13,Tipped,No Damage,On ride,30.0,30.0,,,
16,2019-06-09,2446,SCU,2,Tipped,No Damage,On ride,28.0,27.0,,,
17,2019-06-09,2009,SCU,24,Tipped,No Damage,On ride,33.0,33.0,,,
18,2019-06-09,554,SCU,1,Tipped,No Damage,On ride,33.0,33.0,,,
19,2019-06-09,2489,SCU,111,MC Fault,Bad,Bad,20.0,20.0,,,
20,2019-06-09,2036,User,68,User OOS,Unhelpful,Bad,23.0,20.0,,,
21,2019-06-09,604,User,24,User OOS,Unhelpful,Bad,33.0,33.0,,,
22,2019-06-09,2167,SCU,8,Tipped,No Damage,On ride,30.0,30.0,,,
23,2019-06-09,573,User,99,User OOS,Ignition,Bad,30.0,30.0,,,
24,2019-06-09,972,SCU,217,Tipped,No Damage,On ride,30.0,27.0,,,
25,2019-06-09,593,User,0,User OOS,Bad,Brakes,28.0,29.0,,,
26,2019-06-09,839,User,33,User OOS,Bad,Brakes,30.0,33.0,,,
27,2019-06-09,559,User,17,User OOS,Bad,Brakes,25.0,25.0,,,
28,2019-06-10,630,SCU,13,Tipped,No Damage,On ride,28.0,27.0,,,
29,2019-06-10,2152,SCU,15,Tipped,No Damage,On ride,29.0,28.0,,,
30,2019-06-10,480,User,32,User OOS,Bad,Bad,28.0,27.0,,,
31,2019-06-10,930,User,5,Unhelpful,Ignition,Bad,31.0,30.0,,,
32,2019-06-10,467,User,2,User OOS,Good,Flat Tire,0.0,24.0,,,
33,2019-06-10,495,User,13,User OOS,Bad,Brakes,28.0,30.0,,,
34,2019-06-10,2163,SCU,21,Tipped,No Damage,Not on ride,22.0,25.0,,,
35,2019-06-10,2144,User,12,User OOS,Good,Flat Tire,0.0,20.0,,,
36,2019-06-10,843,SCU,2,Tipped,Damage,Not on ride,32.0,0.0,,,
37,2019-06-10,2143,User,7,User OOS,No Damage,Not on ride,30.0,32.0,,,
38,2019-06-10,2470,SCU,17,Tipped,No Damage,On ride,33.0,33.0,,,
39,2019-06-10,590,SCU,6,Tipped,No Damage,On ride,31.0,30.0,,,
40,2019-06-10,574,SCU,4,Tipped,No Damage,Not on ride,32.0,33.0,,,
41,2019-06-10,585,User,5,User OOS,Bad,CS,26.0,28.0,,,
42,2019-06-10,2253,SCU,12,Tipped,Damage,Not on ride,33.0,33.0,,,
43,2019-06-10,950,User,11,User OOS,Helmet,Good,33.0,33.0,,,
44,2019-06-10,2387,SCU,0,Tipped,No Damage,On ride,33.0,33.0,,,
45,2019-06-10,2424,User,3,User OOS,Unhelpful,Bad,33.0,33.0,,,
46,2019-06-10,680,SCU,40,Tipped,Damage,On ride,25.0,28.0,,,
47,2019-06-10,2270,User,10,User OOS,Ignition,Bad,25.0,25.0,,,
48,2019-06-10,2294,SCU,13,Tipped,No Damage,On ride,28.0,28.0,,,
49,2019-06-10,1020,SCU,45,Tipped,Damage,Not on ride,29.0,29.0,,,
50,2019-06-10,787,SCU,5,Tipped,No Damage,On ride,30.0,30.0,,,
51,2019-06-10,774,SCU,4,MC Fault,MC ,Overheat,33.0,33.0,,,
52,2019-06-10,2104,SCU,20,Tipped,No Damage,On ride,33.0,33.0,,,
53,2019-06-10,2258,User,17,User OOS,Unhelpful,Bad,25.0,23.0,,,
54,2019-06-10,2401,SCU,11,Tipped,Damage,Not on ride,32.0,33.0,,,
55,2019-06-10,2053,SCU,11,Tipped,Damage,On ride,33.0,33.0,,,
56,2019-06-10,692,SCU,29,Tipped,Damage,On ride,26.0,26.0,,,
57,2019-06-10,575,User,33,User OOS,Helmet,Good,33.0,33.0,,,
58,2019-06-11,602,SCU,1,Tipped,No Damage,On ride,18.0,18.0,,,
59,2019-06-11,2293,User,14,User OOS,Good,Brakes,28.0,28.0,,,
60,2019-06-11,740,SCU,27,Comms,Good,,20.0,20.0,,,
61,2019-06-11,2257,User,222,User OOS,Bad,Brakes,30.0,28.0,,,
62,2019-06-11,2459,SCU,5,Tipped,No Damage,On ride,28.0,29.0,,,
63,2019-06-11,584,SCU,5,Comms,Self-fixed,,30.0,32.0,,,
64,2019-06-11,966,SCU,8,Comms,Self-fixed,,28.0,28.0,,,
65,2019-06-11,736,SCU,14,Comms,Self-fixed,,33.0,33.0,,,
66,2019-06-11,2261,SCU,2,Tipped,No Damage,On ride,25.0,26.0,,,
67,2019-06-11,927,User,13,User OOS,Bad,,30.0,30.0,,,
68,2019-06-11,2425,User,17,User OOS,Bad,Brakes,25.0,20.0,,,
69,2019-06-11,2114,SCU,13,Tipped,No Damage,On ride,30.0,30.0,,,
70,2019-06-11,504,SCU,16,Tipped,No Damage,On ride,23.0,20.0,,,
71,2019-06-11,2173,SCU,22,Motor-Controller,Self-fixed,,30.0,30.0,,,
72,2019-06-11,2245,SCU,9,Tipped,Damage,Not on ride,38.0,36.0,,,
73,2019-06-11,2375,SCU,13,Tipped,Damage,On ride,30.0,30.0,,,
74,2019-06-11,512,SCU,6,User OOS,Unhelpful,,31.0,29.0,,,
75,2019-06-11,574,SCU,1,Tipped,Damage,Not on ride,33.0,33.0,,,
76,2019-06-11,2149,User,0,User OOS,Good,Phone dock,30.0,30.0,,,
77,2019-06-11,2285,SCU,14,Tipped,No Damage,On ride,31.0,31.0,,,
78,2019-06-11,1043,SCU,14,Tipped,No Damage,On ride,33.0,33.0,,,
79,2019-06-11,2397,User,2,Ignition,Bad,,29.0,29.0,,,
80,2019-06-11,2468,User,2,Ignition,Bad,,25.0,26.0,,,
81,2019-06-11,2304,User,0,Ignition,Bad,,30.0,29.0,,,
82,2019-06-11,2401,SCU,0,Tipped,No Damage,On ride,32.0,33.0,,,
83,2019-06-12,2244,SCU,9,Tipped,No Damage,Not on ride,25.0,25.0,,,
84,2019-06-12,2059,SCU,47,Tipped,Damage,Not on ride,20.0,19.0,,,
85,2019-06-12,727,SCU,8,Tipped,Damage,Not on ride,30.0,30.0,,,
86,2019-06-12,931,SCU,29,Tipped,No Damage,On ride,31.0,30.0,,,
87,2019-06-12,2059,SCU,35,Tipped,Damage,On ride,29.0,22.0,,,
88,2019-06-12,588,User,6,User OOS,Reflectors,Good,30.0,30.0,,,
89,2019-06-12,769,User,21,User OOS,Ignition,Bad,28.0,29.0,,,
90,2019-06-12,2042,User,20,User OOS,Ignition,Bad,30.0,30.0,,,
91,2019-06-12,573,SCU,2,Tipped,No Damage,Not on ride,28.0,29.0,,,
92,2019-06-12,653,User,19,Motor-Controller,Overheat,Good,27.0,26.0,,,
93,2019-06-12,591,SCU,5,User OOS,,,27.0,26.0,,,
94,2019-06-12,2121,SCU,1,Tipped,No Damage,On ride,23.0,28.0,,,
95,2019-06-12,935,User,25,User OOS,Helmet,Good,20.0,20.0,,,
96,2019-06-12,2039,SCU,4,Tipped,No Damage,Not on ride,25.0,25.0,,,
97,2019-06-12,2075,User,14,User OOS,Steering,Good,27.0,29.0,,,
98,2019-06-12,2368,SCU,53,Comms,Modem reset,,20.0,22.0,,,
99,2019-06-12,2208,User,48,User OOS,Mirrors,Good,20.0,21.0,,,
100,2019-06-12,2319,SCU,7,Tipped,Damage,On ride,30.0,31.0,,,
101,2019-06-12,2315,User,45,User OOS,Bad,Brakes,24.0,25.0,,,
102,2019-06-12,2232,SCU,9,Tipped,Damage,On ride,28.0,28.0,,,
103,2019-06-12,905,SCU,19,Tipped,No Damage,On ride,29.0,26.0,,,
104,2019-06-13,488,SCU,27,Comms,Self-fixed,,24.0,25.0,,,
105,2019-06-13,946,SCU,2,Comms,Self-fixed,,28.0,29.0,,,
106,2019-06-13,740,SCU,30,Tipped,Damage,On ride,28.0,28.0,,,
107,2019-06-13,2323,User,2,User OOS,Mirrors,Good,30.0,30.0,,,
108,2019-06-13,2147,User,47,User OOS,TS,Good,23.0,22.0,,,
109,2019-06-13,2310,User,1,User OOS,Helmet,Good,21.0,23.0,,,
110,2019-06-13,2455,SCU,22,Tipped,No Damage,On ride,20.0,20.0,,,
111,2019-06-13,2435,User,2,User OOS,TS,Good,28.0,29.0,,,
112,2019-06-13,2057,SCU,58,Tipped,Damage,On ride,10.0,20.0,,,
113,2019-06-13,614,User,2,User OOS,Helmet,,25.0,23.0,,,
114,2019-06-13,1011,User,9,User OOS,Phone Dock,Good,29.0,31.0,,,
115,2019-06-13,865,User,2,Ignition,Bad,,31.0,31.0,,,
116,2019-06-13,475,User,14,Ignition,Bad,,19.0,12.0,,,
117,2019-06-13,2329,User,44,User OOS,Unhelpful,,23.0,25.0,,,
118,2019-06-13,766,SCU,22,Comms,Hard Reset,,28.0,26.0,,,
119,2019-06-13,647,User,40,User OOS,CS,Good,26.0,24.0,,,
120,2019-06-13,2079,SCU,42,Tipped,No Damage,On ride,20.0,20.0,,,
121,2019-06-13,1028,User,25,User OOS,Helmet,Good,25.0,22.0,,,
122,2019-06-13,2309,User,23,User OOS,Helmet,Good,30.0,30.0,,,
0,2019-06-16,2450,User,15,User OOS,Helmet,Good,23.0,28.0,,,
1,2019-06-16,828,SCU,14,Tipped,No Damage,On Ride,20.0,21.0,,,
2,2019-06-16,517,SCU,16,Tipped,No Damage,On Ride,28.0,30.0,,,
3,2019-06-16,2304,SCU,4,Tipped,No Damage,Not On Ride,24.0,24.0,,,
4,2019-06-16,2184,User,18,User OOS,Brakes,Bad,22.0,22.0,,,
5,2019-06-16,2080,SCU,23,Tipped,No Damage,Not On Ride,22.0,22.0,,,
6,2019-06-16,635,SCU,19,Tipped,Damage,On Ride,24.0,23.0,,,
7,2019-06-16,1015,SCU,18,Tipped,No Damage,On Ride,30.0,30.0,,,
8,2019-06-16,1003,SCU,26,Tipped,No Damage,Not On Ride,28.0,27.0,,,
9,2019-06-16,2181,SCU,31,Tipped,No Damage,On Ride,28.0,20.0,,,
10,2019-06-16,2495,User,12,User OOS,Auditory,Unhelpful,30.0,29.0,,,
11,2019-06-16,464,User,3,User OOS,Brakes,Bad,24.0,27.0,,,
12,2019-06-16,2152,SCU,15,Tipped,No Damage,On Ride,25.0,30.0,,,
13,2019-06-16,711,SCU,17,Tipped,No Damage,On Ride,25.0,25.0,,,
14,2019-06-16,492,SCU,11,Tipped,Damage,On Ride,20.0,24.0,,,
15,2019-06-17,862,Admin,45,Admin,Theft Recovery,,22.0,20.0,,,
16,2019-06-17,2071,SCU,28,Tipped,Damage,On Ride,21.0,17.0,,,
17,2019-06-17,2028,Admin,48,Admin,No OOS,,20.0,18.0,,,
18,2019-06-17,2096,SCU,11,Tipped,No Damage,On Ride,25.0,25.0,,,
19,2019-06-17,749,User,6,User OOS,Phone Dock,Good,30.0,27.0,,,
20,2019-06-17,2351,User,1,User OOS,Mirrors,Good,30.0,29.0,,,
21,2019-06-17,858,User,19,Ignition,Good,,29.0,19.0,,,
22,2019-06-17,2227,SCU,6,MC,Bad,,28.0,30.0,,,
23,2019-06-17,500,User,6,User OOS,Mirrors,Good,20.0,17.0,,,
24,2019-06-17,965,SCU,6,MC,Bad,,22.0,22.0,,,
25,2019-06-17,2174,User,53,User OOS,Unhelpful,,20.0,24.0,,,
26,2019-06-17,634,SCU,5,Comms,Good,,21.0,20.0,,,
27,2019-06-17,553,SCU,3,Comms,Good,,27.0,29.0,,,
28,2019-06-17,979,SCU,33,Comms,Good,,20.0,22.0,,,
29,2019-06-18,2445,SCU,1,Tipped,No Damage,On Ride,29.0,29.0,,,
30,2019-06-18,772,User,6,User OOS,Brakes,Bad,30.0,30.0,,,
31,2019-06-18,643,User,4,User OOS,Battery,Good,27.0,27.0,,,
32,2019-06-18,649,User,4,User OOS,Brakes,Bad,26.0,24.0,,,
33,2019-06-18,822,SCU,27,Tipped,No Damage,Not On Ride,20.0,22.0,,,
34,2019-06-18,564,SCU,10,Tipped,No Damage,On Ride,24.0,25.0,,,
35,2019-06-18,2264,SCU,46,Admin,DC/DC,Good,30.0,26.0,,,
36,2019-06-18,2460,SCU,14,Tipped,No Damage,On Ride,30.0,30.0,,,
37,2019-06-18,518,Admin,15,Admin,,,23.0,24.0,,,
38,2019-06-18,1023,Admin,14,Admin,,,28.0,28.0,,,
39,2019-06-18,2461,SCU,14,Tipped,Damage,On Ride,25.0,25.0,,,
40,2019-06-18,933,User,16,User OOS,Unhelpful,,22.0,25.0,,,
41,2019-06-18,2347,User,14,Ignition,Good,,28.0,29.0,,,
42,2019-06-18,2344,User,6,User OOS,Brakes,Bad,29.0,29.0,,,
43,2019-06-18,2323,User,4,User OOS,Mirrors,Good,30.0,30.0,,,
44,2019-06-18,1011,SCU,4,Tipped,Damage,Not On Ride,30.0,30.0,,,
45,2019-06-18,935,SCU,5,Tipped,Damage,On Ride,29.0,29.0,,,
46,2019-06-18,2170,SCU,15,Tipped,No Damage,On Ride,29.0,29.0,,,
47,2019-06-18,2468,SCU,9,Tipped,No Damage,Not On Ride,28.0,28.0,,,
48,2019-06-18,524,User,21,User OOS,Mirrors,Good,28.0,22.0,,,
49,2019-06-19,1049,SCU,6,Tipped,Damage,,29.0,29.0,,,
50,2019-06-19,2354,User,11,User OOS,Unhelpful,,25.0,25.0,,,
51,2019-06-19,960,User,7,User OOS,Ignition,,24.0,26.0,,,
52,2019-06-19,2403,User,7,User OOS,Helmet,,24.0,24.0,,,
53,2019-06-19,909,SCU,13,Tipped,No Damage,,23.0,24.0,,,
54,2019-06-19,2208,User,6,User OOS,Helmet Box,,25.0,28.0,,,
55,2019-06-19,2161,User,27,User OOS,Ignition,Bad,24.0,26.0,,,
56,2019-06-19,2021,SCU,41,MC,Unknown,,19.0,20.0,,,
57,2019-06-19,597,User,7,User OOS,Ignition,Unknown,23.0,28.0,,,
58,2019-06-19,660,SCU,12,Tipped,No Damage,On Ride,25.0,26.0,,,
59,2019-06-20,2485,Admin,45,Admin,,,22.0,22.0,,,
60,2019-06-20,838,SCU,7,Comms,,,28.0,29.0,,,
61,2019-06-20,874,User,13,User OOS,Helmet,Good,26.0,25.0,,,
62,2019-06-20,956,User,39,User OOS,Mirrors,Good,19.0,21.0,,,
63,2019-06-20,693,SCU,12,Comms,Modem Reset,Good,28.0,29.0,,,
64,2019-06-20,2313,SCU,12,Tipped,No Damage,On Ride,21.0,22.0,,,
65,2019-06-20,723,User,21,User OOS,Ignition,Bad,29.0,30.0,,,
66,2019-06-20,821,User,1,User OOS,Flat Tire,Good,0.0,25.0,,,
67,2019-06-20,509,User,7,User OOS,Ignition,Bad,22.0,20.0,,,
68,2019-06-20,728,User,7,User OOS,Helmet,Good,15.0,20.0,,,
69,2019-06-20,2490,SCU,28,Comms,Aux,Good,20.0,20.0,,,
0,2019-06-23,996,User,1,Motor-Controller,Good,,20.0,20.0,CG,,
1,2019-06-23,652,User,4,User OOS,Brakes,Good,21.0,20.0,NCG,,
2,2019-06-23,2199,User,4,User OOS,Brakes,Good,25.0,25.0,NCG,,
3,2019-06-23,2157,SCU,1,Tipped,No Damage,On Ride,21.0,23.0,NCG,,
4,2019-06-23,2292,SCU,18,Tipped,No Damage,On Ride,26.0,26.0,NCG,,
5,2019-06-23,812,User,3,User OOS,Helmet,Good,24.0,10.0,NCG,,
6,2019-06-23,2205,SCU,9,Tipped,No Damage,On Ride,25.0,23.0,NCG,,
7,2019-06-23,816,SCU,17,Tipped,Damage,On Ride,28.0,26.0,CG,,
8,2019-06-23,770,User,67,User OOS,Brakes,Bad,23.0,25.0,NCG,,
9,2019-06-23,664,SCU,12,Tipped,Damage,On Ride,26.0,25.0,CG,,
10,2019-06-23,884,SCU,1,Tipped,Damage,Not On Ride,9.0,0.0,CG,,
11,2019-06-23,2161,User,3,User OOS,Steering,Good,30.0,31.0,CG,,
12,2019-06-23,2172,SCU,27,Tipped,No Damage,Not On Ride,31.0,31.0,NCG,,
13,2019-06-23,2470,SCU,12,Tipped,No Damage,On Ride,30.0,30.0,NCG,,
14,2019-06-23,835,SCU,11,Tipped,Damage,Not On Ride,21.0,26.0,NCG,,
15,2019-06-23,2057,SCU,9,Tipped,No Damage,On Ride,29.0,29.0,NCG,,
16,2019-06-23,727,User,5,User OOS,Ignition,Bad,30.0,30.0,CG,,
17,2019-06-23,535,User,8,User OOS,Auditory,Bad,25.0,24.0,NCG,,
18,2019-06-23,2413,User,25,User OOS,Mirrors,Good,30.0,30.0,NCG,,
19,2019-06-23,2144,User,25,User OOS,Mirrors,Good,25.0,24.0,CG,,
20,2019-06-23,757,SCU,25,Tipped,No Damage,On Ride,30.0,30.0,NCG,,
21,2019-06-23,595,SCU,40,Tipped,Damage,Not On Ride,26.0,24.0,CG,,
22,2019-06-23,467,User,5,Motor-Controller,Good,Good,9.0,25.0,CG,,
23,2019-06-23,667,User,30,User OOS,Unhelpful,,25.0,24.0,CG,,
24,2019-06-23,907,User,8,User OOS,Helmet,Good,25.0,23.0,NCG,,
25,2019-06-24,2362,SCU,25,Tipped,Damage,Not On Ride,24.0,24.0,CG,,
26,2019-06-24,2176,SCU,4,Tipped,No Damage,Not On Ride,29.0,28.0,NCG,,
27,2019-06-24,2400,SCU,44,Tipped,No Damage,On Ride,28.0,27.0,NCG,,
28,2019-06-24,766,SCU,2,Tipped,No Damage,On Ride,28.0,28.0,CG,,
29,2019-06-24,531,User,20,User OOS,Brakes,Bad,22.0,19.0,CG,,
30,2019-06-24,2325,SCU,64,Tipped,No Damage,On Ride,19.0,19.0,NCG,,
31,2019-06-24,907,SCU,1,Motor-Controller,Bad,,28.0,29.0,NCG,,
32,2019-06-24,2247,User,5,Motor-Controller,Bad,,28.0,28.0,NCG,,
33,2019-06-24,464,SCU,8,Tipped,Damage,On Ride,20.0,22.0,CG,,
34,2019-06-24,2383,SCU,41,Tipped,No Damage,On Ride,22.0,23.0,NCG,,
35,2019-06-24,2418,SCU,11,Tipped,No Damage,Not On Ride,20.0,20.0,NCG,,
36,2019-06-24,1041,User,11,User OOS,Brakes,Bad,22.0,20.0,CG,,
37,2019-06-24,2028,SCU,6,Tipped,No Damage,On Ride,27.0,26.0,NCG,,
38,2019-06-24,646,User,14,User OOS,Mirrors,Good,20.0,24.0,CG,,
39,2019-06-24,2476,User,5,User OOS,Phone Dock,Good,26.0,27.0,CG,,
40,2019-06-24,2193,SCU,40,Tipped,No Damage,On Ride,28.0,20.0,NCG,,
41,2019-06-24,484,User,32,User OOS,Brakes,Bad,22.0,22.0,CG,,
42,2019-06-24,2456,User,18,User OOS,Helmet Box,Good,22.0,20.0,NCG,,
43,2019-06-24,2236,SCU,86,Tipped,No Damage,On Ride,20.0,20.0,NCG,,
44,2019-06-24,2062,User,11,User OOS,Mirrors,Good,21.0,22.0,NCG,,
45,2019-06-24,457,User,10,User OOS,TS,Unknown,23.0,25.0,CG,,
46,2019-06-24,853,User,5,User OOS,Brake Light,Good,0.0,25.0,CG,,
47,2019-06-24,780,User,6,User OOS,Helmet Box,Good,22.0,22.0,CG,,
48,2019-06-24,2330,User,0,User OOS,Tires,Good,0.0,28.0,CG,,
49,2019-06-24,456,User,27,User OOS,Center Stand,Good,21.0,15.0,CG,,
50,2019-06-25,716,User,40,User OOS,Motor-controller,Unknown,15.0,22.0,CG,,
51,2019-06-25,2234,User,5,User OOS,Phone Dock,Good,25.0,24.0,NCG,,
52,2019-06-25,696,User,22,User OOS,Mirrors,Good,20.0,21.0,NCG,,
53,2019-06-25,2024,SCU,22,Motor-Controller,Unknown,,25.0,28.0,NCG,,
54,2019-06-25,726,User,49,User OOS,Turn Signals,Good,20.0,22.0,CG,,
55,2019-06-25,2355,SCU,23,Tipped,No Damage,On Ride,18.0,18.0,NCG,,
56,2019-06-25,925,User,5,User OOS,Brakes,Bad,20.0,22.0,NCG,,
57,2019-06-25,505,SCU,0,Comms,Self-resolved,,25.0,25.0,NCG,,
58,2019-06-25,2135,User,1,User OOS,Brake Light,Good,20.0,22.0,CG,,
59,2019-06-26,2034,User,24,User OOS,Helmet,Good,30.0,30.0,NCG,,
60,2019-06-26,500,SCU,8,Tipped,No Damage,On Ride,28.0,20.0,CG,,
61,2019-06-26,2431,SCU,30,Tipped,No Damage,On Ride,30.0,30.0,NCG,,
62,2019-06-26,2069,SCU,28,Comms,Aux,Good,18.0,18.0,NCG,,
63,2019-06-26,780,User,9,User OOS,Center Stand,Good,24.0,22.0,CG,,
64,2019-06-26,2046,SCU,3,Motor-Controller,Unknown,,26.0,26.0,NCG,,
65,2019-06-26,650,User,6,User OOS,Helmet,Good,26.0,27.0,CG,,
66,2019-06-26,2083,SCU,5,Tipped,No Damage,On Ride,20.0,19.0,NCG,,
67,2019-06-26,514,User,8,User OOS,Mirrors,Good,20.0,23.0,NCG,,
68,2019-06-26,2406,User,18,User OOS,Charger,Good,26.0,24.0,NCG,,
69,2019-06-26,576,User,35,User OOS,GPS,Unknown,26.0,24.0,CG,,
70,2019-06-26,1030,User,37,User OOS,Helmet,Good,25.0,28.0,NCG,,
71,2019-06-26,769,SCU,13,Tipped,No Damage,On Ride,26.0,26.0,CG,,
72,2019-06-26,2279,User,15,User OOS,Helmet Box,Unknown,22.0,22.0,NCG,,
73,2019-06-26,2352,SCU,2,Motor-Controller,Good,,22.0,22.0,NCG,,
74,2019-06-26,2376,SCU,42,Tipped,No Damage,On Ride,20.0,20.0,CG,,
75,2019-06-26,2152,User,0,User OOS,Mirrors,Good,28.0,28.0,NCG,,
76,2019-06-27,1021,SCU,19,Tipped,Damage,On Ride,25.0,25.0,CG,,
77,2019-06-27,2070,SCU,59,Motor-Controller,Bad,,18.0,20.0,NCG,,
78,2019-06-27,550,User,4,User OOS,Unhelpful,,19.0,19.0,CG,,
79,2019-06-27,2318,SCU,8,Tipped,No Damage,On Ride,28.0,28.0,NCG,,
80,2019-06-27,664,SCU,3,Comms,Modem Reset,,27.0,27.0,CG,,
81,2019-06-27,739,User,50,User OOS,Mirrors,Good,17.0,19.0,CG,,
82,2019-06-27,2035,User,8,User OOS,Helmet,Good,19.0,12.0,CG,,
83,2019-06-27,993,SCU,0,Tipped,No Damage,Not On Ride,19.0,20.0,CG,,
84,2019-06-27,2363,SCU,4,Tipped,No Damage,Not On Ride,27.0,28.0,CG,,
85,2019-06-27,595,Admin,3,Admin,,,28.0,28.0,CG,,
86,2019-06-27,940,User,3,User OOS,Brakes,Good,23.0,24.0,CG,,
87,2019-06-27,2283,User,34,User OOS,Turn Signals,Good,20.0,20.0,NCG,,
0,2019-06-30,2261,SCU,19,Tipped,No Damage,On Ride,22.0,24.0,NCG,,
1,2019-06-30,2176,SCU,6,Tipped,No Damage,On Ride,20.0,30.0,NCG,,
2,2019-06-30,523,SCU,5,Tipped,No Damage,On Ride,23.0,24.0,CG,,
3,2019-06-30,2489,SCU,20,Tipped,No Damage,On Ride,20.0,23.0,NCG,,
4,2019-06-30,2498,SCU,18,Tipped,Damage,Not On Ride,24.0,25.0,NCG,,
5,2019-06-30,497,SCU,11,Tipped,No Damage,On Ride,24.0,28.0,NCG,,
6,2019-06-30,827,SCU,5,Comms,Good,Aux,22.0,22.0,NCG,,
7,2019-06-30,708,SCU,28,Tipped,Damage,On Ride,21.0,21.0,CG,,
8,2019-06-30,2174,SCU,2,Tipped,No Damage,On Ride,22.0,26.0,NCG,,
9,2019-06-30,766,SCU,5,Tipped,No Damage,On Ride,30.0,29.0,CG,,
10,2019-06-30,1041,SCU,18,Tipped,Damage,On Ride,26.0,26.0,CG,,
11,2019-06-30,893,SCU,30,Motor Controller,Bad,,22.0,22.0,CG,,
12,2019-06-30,2449,SCU,20,Comms,Good,Aux,24.0,0.0,NCG,,
13,2019-06-30,1002,SCU,28,Tipped,No Damage,On Ride,23.0,22.0,CG,,
14,2019-06-30,541,SCU,5,Tipped,No Damage,On Ride,17.0,18.0,CG,,
15,2019-06-30,758,SCU,23,Motor Controller,Unknown,,30.0,30.0,CG,,
16,2019-06-30,2458,SCU,47,Tipped,No Damage,On Ride,31.0,30.0,NCG,,
17,2019-06-30,2357,Admin,1,Admin,Vandalism,,25.0,25.0,CG,,
18,2019-06-30,2471,SCU,11,Tipped,No Damage,On Ride,19.0,20.0,NCG,,
19,2019-06-30,2239,SCU,9,Tipped,No Damage,On Ride,25.0,27.0,NCG,,
20,2019-06-30,2458,SCU,3,Tipped,Damage,Not On Ride,22.0,22.0,NCG,,
21,2019-06-30,748,User,15,User OOS,Ignition,Bad,20.0,20.0,NCG,,
22,2019-06-30,633,SCU,27,Tipped,No Damage,On Ride,30.0,28.0,CG,,
23,2019-06-30,939,SCU,5,Tipped,No Damage,On Ride,20.0,21.0,CG,,
24,2019-06-30,2086,SCU,23,Tipped,No Damage,On Ride,16.0,17.0,NCG,,
25,2019-07-01,2439,SCU,4,Tipped,Damage,On Ride,19.0,20.0,NCG,,
26,2019-07-01,481,SCU,18,Tipped,Damage,On Ride,19.0,20.0,NCG,,
27,2019-07-01,950,SCU,6,Motor Controller,Unknown,,23.0,22.0,CG,,
28,2019-07-01,2092,SCU,8,Comms,Unknown,,25.0,26.0,CG,,
29,2019-07-01,681,SCU,29,Tipped,Damage,Not On Ride,25.0,27.0,CG,,
30,2019-07-01,834,User,4,User OOS,Ignition,Bad,20.0,22.0,CG,,
31,2019-07-01,508,SCU,22,Tipped,No Damage,On Ride,27.0,28.0,CG,,
32,2019-07-01,2089,User,21,User OOS,USB,Bad,19.0,12.0,NCG,,
33,2019-07-01,660,User,11,User OOS,Brakes,Good,28.0,27.0,NCG,,
34,2019-07-01,510,User,33,User OOS,Helmet Box,Unknown,16.0,15.0,CG,,
35,2019-07-01,618,SCU,8,Tipped,No Damage,On Ride,22.0,24.0,CG,,
36,2019-07-01,2042,SCU,5,Tipped,No Damage,On Ride,27.0,27.0,NCG,,
37,2019-07-01,2207,SCU,12,Comms,Aux,,20.0,24.0,NCG,,
38,2019-07-01,957,User,19,Ignition,Unknown,,28.0,28.0,CG,,
39,2019-07-01,2256,SCU,6,Tipped,No Damage,On Ride,22.0,25.0,NCG,,
40,2019-07-01,464,SCU,2,Comms,Aux,,0.0,25.0,CG,,
41,2019-07-01,616,User,59,User OOS,Mirrors,Good,24.0,25.0,NCG,,
42,2019-07-01,2212,SCU,6,Tipped,No Damage,On Ride,24.0,25.0,NCG,,
43,2019-07-01,843,User,7,User OOS,Helmet Box,Unknown,24.0,10.0,NCG,,
44,2019-07-01,845,SCU,19,Motor Controller,Unknown,Unknown,24.0,9.0,NCG,,
45,2019-07-01,721,SCU,32,Comms,Aux,,18.0,20.0,NCG,,
46,2019-07-01,922,SCU,4,Tipped,No Damage,On Ride,28.0,28.0,CG,,
47,2019-07-02,593,SCU,7,Comms,Good,,21.0,20.0,NCG,,
48,2019-07-02,689,SCU,35,Comms,Good,,19.0,19.0,CG,,
49,2019-07-02,895,SCU,47,Tipped,No Damage,On Ride,20.0,24.0,CG,,
50,2019-07-02,2326,SCU,7,Comms,Good,,16.0,20.0,CG,,
51,2019-07-02,2167,SCU,22,Comms,Good,,22.0,26.0,NCG,,
52,2019-07-02,842,User,10,User OOS,Helmet,Good,28.0,28.0,CG,,
53,2019-07-02,568,SCU,10,Comms,Good,,23.0,24.0,CG,,
54,2019-07-02,2362,SCU,2,Comms,Good,,30.0,30.0,CG,,
55,2019-07-02,2337,User,1,User OOS,Mirrors,Good,31.0,30.0,NCG,,
56,2019-07-02,863,SCU,7,Comms,Good,,28.0,29.0,NCG,,
57,2019-07-02,2062,User,20,User OOS,Helmet,Good,24.0,22.0,NCG,,
58,2019-07-02,2032,User,14,User OOS,Helmet,Good,22.0,22.0,NCG,,
59,2019-07-02,665,User,10,User OOS,Helmet Box,Good,24.0,20.0,CG,,
60,2019-07-02,2258,User,21,User OOS,Helmet,Good,22.0,24.0,NCG,,
61,2019-07-02,2261,User,1,User OOS,Ignition,Bad,31.0,32.0,NCG,,
62,2019-07-03,473,User,23,User OOS,Helmet,Good,20.0,20.0,CG,,
63,2019-07-03,772,User,14,User OOS,Brakes,Bad,28.0,30.0,CG,,
64,2019-07-03,2027,Admin,21,Admin,,,28.0,24.0,NCG,,
65,2019-07-03,2381,User,19,User OOS,Helmet,Good,28.0,27.0,NCG,,
66,2019-07-03,528,User,18,User OOS,Turn Signals,Bad,21.0,22.0,CG,,
67,2019-07-03,673,Admin,49,Admin,,,30.0,27.0,CG,,
68,2019-07-03,1004,User,16,User OOS,Brakes,Bad,27.0,28.0,NCG,,
69,2019-07-03,710,SCU,21,Tipped,Damage,On Ride,28.0,23.0,NCG,,
70,2019-07-03,680,SCU,19,Tipped,No Damage,Not On Ride,20.0,22.0,CG,,
71,2019-07-03,776,Admin,9,Admin,Center Stand,,24.0,25.0,CG,,
72,2019-07-03,2493,User,39,User OOS,Ignition,Good,18.0,19.0,NCG,,
73,2019-07-03,565,User,7,User OOS,Unclear,Bad,18.0,9.0,CG,,
74,2019-07-03,2453,SCU,14,Tipped,No Damage,On Ride,28.0,28.0,NCG,,
75,2019-07-04,797,SCU,11,Tipped,Damage,On Ride,27.0,18.0,NCG,,
76,2019-07-04,982,SCU,44,Motor Controller,Unknown,,22.0,22.0,CG,,
77,2019-07-04,770,User,10,User OOS,Ignition,Bad,28.0,28.0,NCG,,
78,2019-07-04,2417,SCU,7,Tipped,Damage,On Ride,20.0,20.0,CG,,
79,2019-07-04,607,SCU,19,Tipped,Damage,Not On Ride,26.0,26.0,CG,,
80,2019-07-04,497,SCU,5,Tipped,No Damage,On Ride,24.0,24.0,CG,,
81,2019-07-04,947,SCU,2,Tipped,Damage,Not On Ride,25.0,25.0,CG,,
82,2019-07-04,2240,Admin,22,Admin,Helmet,Good,21.0,22.0,CG,,
83,2019-07-04,2279,User,7,User OOS,Mirrors,Good,30.0,30.0,NCG,,
84,2019-07-04,2007,SCU,66,Tipped,No Damage,On Ride,9.0,19.0,CG,,
85,2019-07-04,2181,User,7,User OOS,Helmet,On Ride,29.0,24.0,NCG,,
86,2019-07-04,671,User,43,User OOS,Ignition,Bad,28.0,28.0,CG,,
87,2019-07-04,489,SCU,7,Tipped,No Damage,On Ride,27.0,30.0,CG,,
88,2019-07-04,2011,SCU,8,Tipped,No Damage,Not On Ride,30.0,30.0,NCG,,
89,2019-07-04,2135,User,5,User OOS,Helmet,Good,20.0,25.0,NCG,,
90,2019-07-04,2216,SCU,9,Tipped,Damage,On Ride,23.0,21.0,NCG,,
91,2019-07-04,2412,SCU,37,Tipped,No Damage,On Ride,27.0,30.0,NCG,,
92,2019-07-04,876,SCU,43,Comms,Good,,20.0,18.0,CG,,
0,2019-07-09,656,SCU,28,Tipped,Damage,Not On Ride,23.0,24.0,CG,,
1,2019-07-09,920,User,4,User OOS,Ignition,Bad,19.0,19.0,CG,,
2,2019-07-09,645,Admin,6,Admin,Good,,28.0,28.0,CG,,
3,2019-07-09,605,User,16,User OOS,Helmet,Bad,17.0,19.0,CG,,
4,2019-07-09,2468,SCU,21,Tipped,No Damage,,29.0,28.0,NCG,,
5,2019-07-09,2486,SCU,5,Tipped,Damage,On Ride,27.0,27.0,NCG,,
6,2019-07-09,2487,SCU,20,Tipped,No Damage,On Ride,20.0,20.0,CG,,
7,2019-07-09,671,SCU,3,Tipped,No Damage,On Ride,30.0,30.0,CG,,
8,2019-07-09,2011,User,4,User OOS,Tires,Good,0.0,30.0,CG,,
9,2019-07-09,695,Admin,6,Admin,,,20.0,20.0,CG,,
10,2019-07-09,964,SCU,7,Tipped,No Damage,On Ride,20.0,20.0,NCG,,
11,2019-07-09,2321,User,6,User OOS,Helmet,Good,20.0,20.0,NCG,,
12,2019-07-09,2229,SCU,28,Tipped,No Damage,On Ride,20.0,20.0,NCG,,
13,2019-07-09,2143,User,5,User OOS,Helmet,Good,23.0,25.0,NCG,,
14,2019-07-09,712,SCU,28,Tipped,Damage,On Ride,20.0,20.0,NCG,,
15,2019-07-09,477,User,10,User OOS,Mirrors,Good,28.0,25.0,CG,,
16,2019-07-09,834,User,4,User OOS,Plastics,Good,30.0,30.0,CG,,
17,2019-07-10,831,SCU,1,Tipped,Damage,On Ride,19.0,21.0,CG,,
18,2019-07-10,2454,User,1,User OOS,Turn Signals,Good,21.0,24.0,NCG,,
19,2019-07-10,848,User,43,User OOS,Helmet,Good,20.0,21.0,CG,,
20,2019-07-10,2400,SCU,15,Tipped,No Damage,On Ride,30.0,29.0,NCG,,
21,2019-07-10,2290,User,42,User OOS,Plastics,Bad,26.0,29.0,NCG,,
22,2019-07-10,994,User,1,User OOS,Motor Controller,Bad,30.0,29.0,CG,,
23,2019-07-10,2227,User,22,User OOS,Ignition,Bad,26.0,29.0,NCG,,
24,2019-07-10,983,SCU,1,Tipped,Damage,On Ride,23.0,28.0,NCG,,
25,2019-07-10,2363,User,11,User OOS,Brakes,Good,30.0,30.0,NCG,,
26,2019-07-10,866,User,28,User OOS,Ignition,Bad,20.0,16.0,CG,,
27,2019-07-10,878,User,3,User OOS,Unhelpful,Bad,29.0,29.0,NCG,,
28,2019-07-10,930,SCU,8,Comms,Good,,23.0,27.0,CG,,
29,2019-07-10,822,SCU,15,Comms,Bad,,27.0,28.0,CG,,
30,2019-07-10,514,Admin,13,Admin,Tail Light,,20.0,21.0,NCG,,
31,2019-07-11,2460,SCU,22,DTC,Turn Signals,Good,28.0,28.0,NCG,,
32,2019-07-11,2481,SCU,16,Tipped,No Damage,Not On Ride,19.0,20.0,NCG,,
33,2019-07-11,712,User,2,User OOS,Center Stand,Good,19.0,20.0,NCG,,
34,2019-07-11,2078,User,12,User OOS,Turn Signals,Good,24.0,26.0,NCG,,
35,2019-07-11,511,User,25,User OOS,Ignition,Bad,23.0,25.0,CG,,
36,2019-07-11,2361,SCU,26,Tipped,No Damage,On Ride,20.0,20.0,CG,,
37,2019-07-11,656,SCU,2,Comms,GPS,Bad Garage,30.0,30.0,CG,,
38,2019-07-11,2102,User,28,User OOS,Steering,Good,20.0,22.0,NCG,,
39,2019-07-11,543,SCU,5,Tipped,Damage,On Ride,20.0,18.0,CG,,
40,2019-07-11,840,User,2,User OOS,Turn Signals,Good,26.0,24.0,NCG,,
41,2019-07-11,2352,User,1,User OOS,Throttle Loss,Good,30.0,30.0,NCG,,
42,2019-07-11,571,SCU,3,Tipped,Damage,Not On Ride,30.0,30.0,CG,,
0,2019-07-14,956,SCU,11,Comms,Dead Zone,Good,27.0,27.0,NCG,1.5,4.0
1,2019-07-14,2448,SCU,12,Tipped,No Damage,On Ride,25.0,22.0,NCG,1.5,3.0
2,2019-07-14,920,User,4,User OOS,Ignition,Bad,30.0,30.0,CG,4.0,1.0
3,2019-07-14,978,User,1,User OOS,Ignition,MCB,23.0,20.0,CG,1.0,2.5
4,2019-07-14,706,User,4,User OOS,Phone Dock,Good,18.0,20.0,CG,1.0,3.0
5,2019-07-14,762,User,5,User OOS,Ignition,MCB,27.0,21.0,NCG,2.5,1.0
6,2019-07-14,2167,User,11,User OOS,USB,Good,27.0,30.0,NCG,1.0,2.0
7,2019-07-14,467,SCU,16,Tipped,Damage,On Ride,25.0,27.0,CG,1.0,3.5
8,2019-07-14,2078,SCU,2,Tipped,No Damage,On Ride,30.0,30.0,NCG,0.5,1.5
9,2019-07-14,782,SCU,25,Comms,Reset,,15.0,24.0,CG,4.0,1.5
10,2019-07-14,783,SCU,4,Tipped,No Damage,On Ride,20.0,22.0,CG,1.5,0.5
11,2019-07-14,747,SCU,18,Tipped,No Damage,On Ride,28.0,20.0,NCG,4.0,3.5
12,2019-07-14,2277,User,34,User OOS,Helmet,Good,22.0,20.0,CG,2.0,2.0
13,2019-07-14,594,User,27,User OOS,Unhelpful,,22.0,28.0,NCG,4.0,3.5
14,2019-07-14,1043,User,4,User OOS,Mirrors,Good,30.0,28.0,CG,1.5,2.5
15,2019-07-14,2160,User,17,User OOS,Mirrors,Good,15.0,19.0,NCG,1.5,1.5
16,2019-07-14,990,SCU,17,Tipped,No Damage,On Ride,19.0,24.0,NCG,0.5,1.5
17,2019-07-14,2110,SCU,4,Tipped,No Damage,On Ride,27.0,27.0,CG,4.0,4.0
18,2019-07-15,891,SCU,14,,,,27.0,25.0,NCG,0.5,1.0
19,2019-07-15,714,SCU,2,,,,21.0,22.0,NCG,2.0,3.5
20,2019-07-15,2031,User,6,,,,20.0,23.0,CG,3.0,3.5
21,2019-07-15,2264,User,26,,,,28.0,29.0,NCG,1.0,1.5
22,2019-07-15,2176,SCU,14,,,,30.0,30.0,NCG,2.5,2.0
23,2019-07-15,1012,User,4,,,,20.0,24.0,NCG,3.0,1.5
24,2019-07-15,2466,User,5,,,,22.0,22.0,NCG,2.5,1.5
25,2019-07-15,931,User,11,,,,26.0,29.0,CG,2.5,1.5
26,2019-07-15,2100,SCU,12,,,,21.0,20.0,NCG,2.0,2.0
27,2019-07-15,626,User,18,,,,19.0,20.0,CG,1.5,1.0
28,2019-07-15,554,User,20,,,,28.0,27.0,CG,2.5,1.0
29,2019-07-15,2143,User,11,,,,24.0,27.0,NCG,0.0,1.0
30,2019-07-15,2060,User,10,,,,25.0,25.0,NCG,4.0,0.5
31,2019-07-15,2109,SCU,53,,,,22.0,27.0,NCG,1.5,1.5
32,2019-07-15,2424,SCU,34,,,,26.0,25.0,NCG,2.5,3.5
33,2019-07-15,2377,SCU,20,,,,29.0,29.0,NCG,1.5,1.5
34,2019-07-16,677,User,15,,,,20.0,20.0,CG,1.5,2.5
35,2019-07-16,2000,SCU,34,,,,19.0,20.0,CG,1.5,1.5
36,2019-07-16,849,User,3,,,,23.0,26.0,NCG,4.0,0.5
37,2019-07-16,674,User,6,,,,25.0,27.0,NCG,2.0,1.5
38,2019-07-16,928,User,23,,,,17.0,15.0,CG,3.0,0.5
39,2019-07-16,460,SCU,7,,,,27.0,25.0,CG,1.5,2.0
40,2019-07-16,1020,User,1,,,,23.0,22.0,CG,3.5,3.5
41,2019-07-16,1015,User,27,,,,22.0,29.0,CG,1.5,1.0
42,2019-07-16,727,User,28,,,,26.0,28.0,CG,3.5,3.5
43,2019-07-16,635,SCU,29,,,,29.0,28.0,NCG,1.0,0.0
44,2019-07-16,652,User,22,,,,28.0,28.0,CG,1.0,1.5
45,2019-07-16,841,SCU,15,,,,20.0,25.0,CG,0.5,0.0
46,2019-07-16,782,SCU,0,,,,32.0,29.0,CG,3.0,2.0
47,2019-07-16,685,SCU,22,,,,22.0,20.0,CG,3.0,2.0
48,2019-07-17,456,User,25,,,,19.0,2.0,CG,1.5,
49,2019-07-17,2364,SCU,33,,,,22.0,10.0,NCG,2.5,2.5
50,2019-07-17,997,User,14,,,,20.0,19.0,NCG,2.0,2.5
51,2019-07-17,2118,SCU,7,,,,28.0,28.0,NCG,3.0,2.0
52,2019-07-17,2331,SCU,10,,,,25.0,20.0,NCG,1.0,1.0
53,2019-07-17,2219,SCU,30,,,,22.0,20.0,NCG,1.0,2.0
54,2019-07-17,2403,SCU,20,,,,28.0,28.0,NCG,1.0,1.0
55,2019-07-17,2274,Admin,4,,,,20.0,20.0,NCG,1.0,2.0
56,2019-07-17,2070,SCU,18,,,,30.0,30.0,NCG,1.5,1.5
57,2019-07-17,612,User,14,,,,20.0,22.0,CG,1.0,2.0
58,2019-07-18,460,User,20,,,,25.0,25.0,CG,0.5,
59,2019-07-18,2220,User,9,,,,22.0,22.0,NCG,1.0,1.0
60,2019-07-18,2148,User,1,,,,20.0,20.0,NCG,1.0,0.0
61,2019-07-18,981,SCU,12,,,,20.0,23.0,CG,1.0,1.0
62,2019-07-18,457,User,8,,,,0.0,30.0,CG,4.0,2.0
63,2019-07-18,2270,User,23,,,,28.0,23.0,CG,0.5,1.5
64,2019-07-18,2443,SCU,4,,,,21.0,20.0,NCG,2.0,2.0
65,2019-07-18,847,User,15,,,,26.0,28.0,CG,0.5,0.5
66,2019-07-18,2102,SCU,6,,,,30.0,30.0,NCG,4.0,4.0
0,2019-07-21,2331,SCU,4,,,,30.0,30.0,NCG,1.5,1.0
1,2019-07-21,2106,User,5,,,,22.0,23.0,NCG,0.5,1.0
2,2019-07-21,2004,SCU,11,,,,23.0,24.0,NCG,1.5,0.5
3,2019-07-21,891,User,19,,,,31.0,29.0,NCG,0.5,0.5
4,2019-07-21,824,User,10,,,,26.0,27.0,NCG,4.0,4.0
5,2019-07-21,703,SCU,10,,,,23.0,28.0,CG,1.5,1.5
6,2019-07-21,2132,SCU,40,,,,19.0,20.0,NCG,1.0,1.0
7,2019-07-21,2212,SCU,19,,,,30.0,30.0,NCG,0.5,0.5
8,2019-07-21,2446,SCU,40,,,,25.0,25.0,NCG,1.5,2.0
9,2019-07-21,1027,SCU,17,,,,18.0,20.0,CG,3.5,3.5
10,2019-07-21,692,SCU,1,,,,21.0,21.0,CG,1.0,0.5
11,2019-07-21,2378,SCU,26,,,,26.0,22.0,CG,2.0,1.5
12,2019-07-21,847,User,3,,,,30.0,30.0,CG,1.0,0.5
13,2019-07-21,2056,User,25,,,,20.0,2.0,NCG,1.0,0.5
14,2019-07-21,611,SCU,37,,,,20.0,21.0,CG,2.0,1.0
15,2019-07-21,2189,SCU,5,,,,25.0,23.0,NCG,1.0,0.5
16,2019-07-21,2289,User,15,,,,24.0,22.0,NCG,1.5,1.5
17,2019-07-21,484,SCU,26,,,,30.0,30.0,CG,2.0,3.0
18,2019-07-21,772,SCU,1,,,,32.0,30.0,CG,3.0,3.0
19,2019-07-21,757,SCU,2,,,,30.0,30.0,CG,0.0,1.5
20,2019-07-21,510,User,5,,,,29.0,30.0,CG,0.5,1.5
21,2019-07-21,849,User,4,,,,30.0,30.0,NCG,4.0,3.0
22,2019-07-21,816,Admin,27,,,,28.0,2.0,CG,3.0,1.5
23,2019-07-21,2409,User,25,,,,20.0,18.0,NCG,2.5,1.5
24,2019-07-21,2210,SCU,15,,,,29.0,30.0,NCG,2.5,3.0
25,2019-07-21,866,SCU,10,,,,30.0,22.0,CG,3.5,1.0
26,2019-07-22,978,SCU,7,,,,31.0,31.0,CG,1.0,2.0
27,2019-07-22,2035,User,25,,,,28.0,28.0,CG,0.5,1.5
28,2019-07-22,2113,SCU,23,,,,24.0,22.0,NCG,4.0,4.0
29,2019-07-22,2469,User,25,,,,19.0,21.0,NCG,1.5,2.5
30,2019-07-22,764,Admin,33,,,,22.0,25.0,CG,2.0,1.0
31,2019-07-22,2383,SCU,3,,,,29.0,30.0,NCG,2.5,2.5
32,2019-07-22,2191,User,6,,,,25.0,25.0,CG,1.5,1.5
33,2019-07-22,2476,User,27,,,,30.0,30.0,CG,1.0,1.5
34,2019-07-22,2444,SCU,17,,,,26.0,28.0,NCG,0.5,1.5
35,2019-07-22,964,User,12,,,,30.0,30.0,NCG,3.5,3.5
36,2019-07-22,2179,User,13,,,,19.0,18.0,CG,0.5,1.0
37,2019-07-22,574,User,41,,,,26.0,28.0,CG,3.0,2.5
38,2019-07-22,2029,SCU,43,,,,18.0,18.0,NCG,2.0,1.5
39,2019-07-22,2391,User,61,,,,22.0,22.0,NCG,2.5,2.5
40,2019-07-22,956,User,7,,,,33.0,31.0,NCG,1.0,3.0
41,2019-07-22,635,User,30,,,,26.0,24.0,NCG,2.0,3.0
42,2019-07-22,2447,SCU,33,,,,25.0,25.0,NCG,1.5,2.0
43,2019-07-22,936,User,40,,,,25.0,25.0,NCG,1.5,1.0
44,2019-07-22,2396,User,10,,,,28.0,28.0,NCG,2.0,25.0
45,2019-07-22,749,User,7,,,,24.0,21.0,CG,1.5,3.0
46,2019-07-22,570,SCU,25,,,,30.0,30.0,CG,3.0,0.5
47,2019-07-22,822,User,12,,,,25.0,26.0,CG,0.0,1.0
48,2019-07-22,2184,SCU,13,,,,30.0,30.0,CG,1.5,1.5
49,2019-07-23,652,User,6,,,,30.0,30.0,CG,0.5,1.5
50,2019-07-23,2404,User,14,,,,29.0,30.0,NCG,2.0,2.5
51,2019-07-23,2443,User,5,,,,28.0,28.0,NCG,2.0,2.5
52,2019-07-23,869,User,33,,,,22.0,22.0,CG,0.5,1.0
53,2019-07-23,2118,SCU,6,,,,28.0,28.0,NCG,3.5,1.0
54,2019-07-23,805,SCU,14,,,,25.0,20.0,NCG,1.5,2.5
55,2019-07-23,2020,SCU,3,,,,25.0,22.0,NCG,0.0,0.5
56,2019-07-23,2468,SCU,34,,,,30.0,30.0,NCG,1.5,2.0
57,2019-07-23,2283,User,13,,,,29.0,29.0,NCG,1.0,0.5
58,2019-07-23,2019,User,20,,,,20.0,20.0,CG,0.5,0.5
59,2019-07-23,2355,User,20,,,,28.0,30.0,NCG,1.0,0.5
60,2019-07-23,1040,SCU,26,,,,28.0,28.0,CG,1.0,0.5
61,2019-07-24,2145,SCU,8,,,,30.0,3.5,NCG,0.5,
62,2019-07-24,2205,User,7,,,,25.0,25.0,NCG,0.5,1.5
63,2019-07-24,2288,User,23,,,,28.0,28.0,NCG,2.0,2.0
64,2019-07-24,751,SCU,2,,,,30.0,30.0,CG,0.5,3.5
65,2019-07-24,2221,User,21,,,,24.0,25.0,NCG,3.0,3.0
66,2019-07-24,2273,User,27,,,,27.0,29.0,NCG,1.0,1.5
67,2019-07-24,2366,SCU,33,,,,28.0,20.0,CG,3.0,3.0
68,2019-07-24,507,User,30,,,,20.0,20.0,CG,3.0,1.0
69,2019-07-24,937,User,55,,,,15.0,28.0,CG,2.0,2.5
70,2019-07-24,2403,SCU,8,,,,30.0,30.0,NCG,1.0,1.0
71,2019-07-25,2104,SCU,23,,,,27.0,27.0,NCG,3.5,1.5
72,2019-07-25,821,SCU,9,,,,20.0,23.0,CG,3.0,3.0
73,2019-07-25,2054,SCU,29,,,,22.0,25.0,NCG,3.0,1.2
74,2019-07-25,2284,SCU,3,,,,20.0,22.0,NCG,1.0,1.5
75,2019-07-25,2473,SCU,15,,,,20.0,20.0,NCG,2.0,1.5
76,2019-07-25,698,SCU,16,,,,20.0,23.0,CG,2.5,1.5
0,2019-07-28,687,SCU,13,,,,25.0,24.0,NCG,3.0,2.0
1,2019-07-28,2319,SCU,21,,,,27.0,29.0,NCG,1.5,2.0
2,2019-07-28,2279,SCU,11,,,,29.0,30.0,NCG,3.0,1.0
3,2019-07-28,712,SCU,13,,,,30.0,20.0,NCG,3.0,0.5
4,2019-07-28,741,SCU,40,,,,16.0,16.0,CG,0.0,2.0
5,2019-07-28,715,User,24,,,,22.0,22.0,CG,0.0,0.5
6,2019-07-28,2282,SCU,6,,,,25.0,28.0,NCG,3.0,1.5
7,2019-07-28,2163,SCU,19,,,,22.0,22.0,NCG,0.5,1.0
8,2019-07-28,1035,User,12,,,,25.0,26.0,CG,2.5,1.0
9,2019-07-28,489,SCU,6,,,,20.0,18.0,CG,3.0,3.0
10,2019-07-28,2250,SCU,9,,,,26.0,30.0,NCG,3.0,1.0
11,2019-07-28,472,SCU,32,,,,18.0,16.0,CG,2.0,2.0
12,2019-07-28,768,User,15,,,,25.0,25.0,CG,1.5,1.5
13,2019-07-28,986,User,19,,,,29.0,20.0,CG,3.0,2.0
14,2019-07-28,2148,User,11,,,,30.0,30.0,NCG,3.0,3.0
15,2019-07-28,2373,SCU,12,,,,19.0,20.0,NCG,1.0,1.5
16,2019-07-28,905,SCU,4,,,,25.0,25.0,CG,0.5,1.0
17,2019-07-28,736,SCU,3,,,,30.0,30.0,CG,2.5,2.5
18,2019-07-29,1003,User,7,,,,22.0,25.0,NCG,0.1,1.0
19,2019-07-29,920,SCU,14,,,,30.0,30.0,CG,3.5,0.5
20,2019-07-29,2317,Admin,45,,,,22.0,22.0,NCG,3.0,3.5
21,2019-07-29,2284,SCU,3,,,,29.0,29.0,NCG,1.0,1.0
22,2019-07-29,493,User,14,,,,22.0,22.0,CG,3.0,1.5
23,2019-07-29,2260,User,6,,,,20.0,20.0,NCG,0.0,1.5
24,2019-07-29,848,User,18,,,,29.0,30.0,CG,2.0,1.5
25,2019-07-29,875,User,5,,,,18.0,19.0,NCG,3.5,2.0
26,2019-07-29,913,SCU,9,,,,19.0,20.0,CG,1.5,2.0
27,2019-07-29,2224,SCU,16,,,,18.0,26.0,CG,0.0,1.0
28,2019-07-29,2066,SCU,20,,,,21.0,20.0,CG,1.0,0.5
29,2019-07-29,654,SCU,4,,,,28.0,28.0,CG,1.0,0.5
30,2019-07-29,624,SCU,19,,,,25.0,28.0,CG,1.5,0.5
31,2019-07-29,639,SCU,5,,,,26.0,23.0,CG,1.5,1.5
32,2019-07-29,910,SCU,19,,,,20.0,22.0,CG,1.5,1.0
33,2019-07-29,2458,SCU,6,,,,29.0,29.0,NCG,1.0,1.5
34,2019-07-29,831,SCU,19,,,,30.0,30.0,CG,0.5,1.0
35,2019-07-29,2487,User,17,,,,30.0,30.0,NCG,2.0,2.0
36,2019-07-29,547,User,2,,,,20.0,23.0,CG,1.0,2.0
37,2019-07-30,724,SCU,33,,,,23.0,23.0,CG,0.0,1.5
38,2019-07-30,2301,User,15,,,,22.0,20.0,NCG,1.5,1.5
39,2019-07-30,2004,User,20,,,,30.0,30.0,NCG,2.5,0.5
40,2019-07-30,682,SCU,24,,,,20.0,24.0,CG,3.0,0.5
41,2019-07-30,2162,User,18,,,,18.0,20.0,NCG,1.0,1.0
42,2019-07-30,1027,User,8,,,,24.0,28.0,CG,3.0,3.0
43,2019-07-30,958,User,32,,,,22.0,20.0,CG,1.0,0.5
44,2019-07-30,2200,SCU,6,,,,18.0,18.0,NCG,1.0,1.0
45,2019-07-30,847,User,8,,,,30.0,30.0,CG,1.0,0.5
46,2019-07-30,2418,SCU,35,,,,29.0,30.0,NCG,2.0,2.5
47,2019-07-30,2358,SCU,7,,,,28.0,25.0,NCG,0.5,1.5
48,2019-07-30,666,SCU,20,,,,25.0,28.0,CG,3.0,1.0
49,2019-07-30,2345,Admin,17,,,,25.0,26.0,NCG,0.5,1.0
50,2019-07-30,2114,SCU,35,,,,25.0,28.0,NCG,3.0,1.5
51,2019-07-31,768,User,14,,,,18.0,19.0,CG,0.0,1.0
52,2019-07-31,692,User,10,,,,28.0,28.0,CG,0.5,0.0
53,2019-07-31,1034,User,14,,,,18.0,19.0,CG,0.0,1.0
54,2019-07-31,725,User,20,,,,23.0,20.0,CG,2.0,1.0
55,2019-07-31,2261,User,13,,,,27.0,30.0,NCG,0.5,0.5
56,2019-07-31,925,SCU,13,,,,26.0,26.0,NCG,2.5,1.5
57,2019-07-31,952,SCU,40,,,,25.0,25.0,CG,2.5,0.0
58,2019-07-31,2278,User,12,,,,28.0,27.0,NCG,4.0,1.5
59,2019-07-31,2006,SCU,8,,,,12.0,21.0,NCG,0.5,1.0
60,2019-07-31,2321,SCU,21,,,,30.0,29.0,NCG,0.5,1.0
61,2019-07-31,517,User,21,,,,28.0,28.0,CG,1.0,2.0
62,2019-07-31,594,User,16,,,,29.0,30.0,NCG,3.0,3.0
63,2019-08-01,1007,SCU,4,,,,25.0,23.0,NCG,0.0,1.0
64,2019-08-01,864,SCU,12,,,,23.0,25.0,X,1.5,0.0
65,2019-08-01,2358,SCU,2,,,,29.0,29.0,NCG,0.5,1.5
66,2019-08-01,2377,SCU,13,,,,30.0,30.0,NCG,1.0,1.5
67,2019-08-01,822,SCU,9,,,,29.0,30.0,X,1.0,0.5
68,2019-08-01,2182,SCU,16,,,,19.0,14.0,NCG,0.0,0.5
69,2019-08-01,1036,SCU,6,,,,24.0,24.0,NCG,1.0,1.0
0,2019-08-04,858,User,5,,,,15.0,27.0,CG,2.5,3.0
1,2019-08-04,2232,User,19,,,,24.0,21.0,NCG,1.0,1.5
2,2019-08-04,2347,SCU,23,,,,27.0,29.0,NCG,4.0,1.0
3,2019-08-04,2293,SCU,21,,,,22.0,23.0,CG,2.0,1.5
4,2019-08-04,2202,User,17,,,,20.0,27.0,NCG,4.0,4.0
5,2019-08-04,966,User,32,,,,22.0,22.0,CG,3.0,2.5
6,2019-08-04,2456,SCU,34,,,,28.0,19.0,NCG,1.0,1.5
7,2019-08-04,2368,SCU,18,,,,22.0,23.0,CG,1.5,2.0
8,2019-08-04,2249,SCU,12,,,,29.0,10.0,NCG,4.0,3.0
9,2019-08-04,2041,User,8,,,,21.0,15.0,NCG,2.0,1.5
10,2019-08-04,671,User,25,,,,30.0,30.0,CG,3.0,3.5
11,2019-08-04,2172,SCU,19,,,,28.0,28.0,CG,4.0,4.0
12,2019-08-04,2310,User,17,,,,0.0,28.0,NCG,2.0,2.0
13,2019-08-04,486,SCU,30,,,,22.0,25.0,CG,3.0,2.0
14,2019-08-04,2296,User,55,,,,26.0,26.0,NCG,1.5,2.0
15,2019-08-04,908,User,13,,,,24.0,24.0,CG,1.0,3.5
